// TRAIN
INSERT INTO TRAIN (ID, NAME, SECTION_SEAT_COUNT) VALUES (1, 'TRAIN_1', 10);
INSERT INTO TRAIN (ID, NAME, SECTION_SEAT_COUNT) VALUES (2, 'TRAIN_2', 15);
INSERT INTO TRAIN (ID, NAME, SECTION_SEAT_COUNT) VALUES (3, 'TRAIN_3', 20);
INSERT INTO TRAIN (ID, NAME, SECTION_SEAT_COUNT) VALUES (4, 'TRAIN_4', 25);
INSERT INTO TRAIN (ID, NAME, SECTION_SEAT_COUNT) VALUES (5, 'TRAIN_5', 30);


// TRAIN STATION
INSERT INTO TRAIN_STATION (ID, NAME) VALUES (1, 'London');
INSERT INTO TRAIN_STATION (ID, NAME) VALUES (2, 'Paddington');
INSERT INTO TRAIN_STATION (ID, NAME) VALUES (3, 'Victoria');
INSERT INTO TRAIN_STATION (ID, NAME) VALUES (4, 'Euston');
INSERT INTO TRAIN_STATION (ID, NAME) VALUES (5, 'King''s Cross');
INSERT INTO TRAIN_STATION (ID, NAME) VALUES (6, 'Liverpool Street');
INSERT INTO TRAIN_STATION (ID, NAME) VALUES (7, 'Gare du Nord');
INSERT INTO TRAIN_STATION (ID, NAME) VALUES (8, 'Gare de Lyon');
INSERT INTO TRAIN_STATION (ID, NAME) VALUES (9, 'Gare Saint-Lazare');
INSERT INTO TRAIN_STATION (ID, NAME) VALUES (10, 'Part-Dieu');
INSERT INTO TRAIN_STATION (ID, NAME) VALUES (11, 'Marseille Saint-Charles');
INSERT INTO TRAIN_STATION (ID, NAME) VALUES (12, 'France');


// ROUTE SEGMENT
INSERT INTO ROUTE_SEGMENT (ID, SEGMENT_ORDER, TRAIN_ID, STATION_ID, DATE, ROUTE_ID) VALUES (1, 1, 1, 1, '2024-02-01', 1);
INSERT INTO ROUTE_SEGMENT (ID, SEGMENT_ORDER, TRAIN_ID, STATION_ID, DATE, ROUTE_ID) VALUES (2, 2, 1, 3, '2024-02-01', 1);
INSERT INTO ROUTE_SEGMENT (ID, SEGMENT_ORDER, TRAIN_ID, STATION_ID, DATE, ROUTE_ID) VALUES (3, 3, 1, 5, '2024-02-01', 1);
INSERT INTO ROUTE_SEGMENT (ID, SEGMENT_ORDER, TRAIN_ID, STATION_ID, DATE, ROUTE_ID) VALUES (4, 4, 1, 6, '2024-02-01', 1);
INSERT INTO ROUTE_SEGMENT (ID, SEGMENT_ORDER, TRAIN_ID, STATION_ID, DATE, ROUTE_ID) VALUES (5, 5, 1, 7, '2024-02-01', 1);
INSERT INTO ROUTE_SEGMENT (ID, SEGMENT_ORDER, TRAIN_ID, STATION_ID, DATE, ROUTE_ID) VALUES (6, 6, 1, 9, '2024-02-01', 1);
INSERT INTO ROUTE_SEGMENT (ID, SEGMENT_ORDER, TRAIN_ID, STATION_ID, DATE, ROUTE_ID) VALUES (7, 7, 1, 10, '2024-02-01', 1);
INSERT INTO ROUTE_SEGMENT (ID, SEGMENT_ORDER, TRAIN_ID, STATION_ID, DATE, ROUTE_ID) VALUES (8, 8, 1, 12, '2024-02-01', 1);
INSERT INTO ROUTE_SEGMENT (ID, SEGMENT_ORDER, TRAIN_ID, STATION_ID, DATE, ROUTE_ID) VALUES (9, 1, 2, 2, '2024-02-01', 1);
INSERT INTO ROUTE_SEGMENT (ID, SEGMENT_ORDER, TRAIN_ID, STATION_ID, DATE, ROUTE_ID) VALUES (10, 2, 2, 4, '2024-02-01', 2);
INSERT INTO ROUTE_SEGMENT (ID, SEGMENT_ORDER, TRAIN_ID, STATION_ID, DATE, ROUTE_ID) VALUES (11, 3, 2, 8, '2024-02-01', 2);
INSERT INTO ROUTE_SEGMENT (ID, SEGMENT_ORDER, TRAIN_ID, STATION_ID, DATE, ROUTE_ID) VALUES (12, 4, 2, 10, '2024-02-01', 2);
INSERT INTO ROUTE_SEGMENT (ID, SEGMENT_ORDER, TRAIN_ID, STATION_ID, DATE, ROUTE_ID) VALUES (13, 1, 3, 6, '2024-02-01', 3);
INSERT INTO ROUTE_SEGMENT (ID, SEGMENT_ORDER, TRAIN_ID, STATION_ID, DATE, ROUTE_ID) VALUES (14, 2, 3, 9, '2024-02-01', 3);
INSERT INTO ROUTE_SEGMENT (ID, SEGMENT_ORDER, TRAIN_ID, STATION_ID, DATE, ROUTE_ID) VALUES (15, 3, 3, 12, '2024-02-01', 3);
INSERT INTO ROUTE_SEGMENT (ID, SEGMENT_ORDER, TRAIN_ID, STATION_ID, DATE, ROUTE_ID) VALUES (16, 1, 4, 2, '2024-02-01', 4);
INSERT INTO ROUTE_SEGMENT (ID, SEGMENT_ORDER, TRAIN_ID, STATION_ID, DATE, ROUTE_ID) VALUES (17, 2, 4, 5, '2024-02-01', 4);
INSERT INTO ROUTE_SEGMENT (ID, SEGMENT_ORDER, TRAIN_ID, STATION_ID, DATE, ROUTE_ID) VALUES (18, 3, 4, 6, '2024-02-01', 4);
INSERT INTO ROUTE_SEGMENT (ID, SEGMENT_ORDER, TRAIN_ID, STATION_ID, DATE, ROUTE_ID) VALUES (19, 1, 5, 1, '2024-02-01', 5);
INSERT INTO ROUTE_SEGMENT (ID, SEGMENT_ORDER, TRAIN_ID, STATION_ID, DATE, ROUTE_ID) VALUES (20, 2, 5, 12, '2024-02-01', 5);
INSERT INTO ROUTE_SEGMENT (ID, SEGMENT_ORDER, TRAIN_ID, STATION_ID, DATE, ROUTE_ID) VALUES (21, 1, 1, 1, '2024-02-02', 6);
INSERT INTO ROUTE_SEGMENT (ID, SEGMENT_ORDER, TRAIN_ID, STATION_ID, DATE, ROUTE_ID) VALUES (22, 2, 1, 3, '2024-02-02', 6);
INSERT INTO ROUTE_SEGMENT (ID, SEGMENT_ORDER, TRAIN_ID, STATION_ID, DATE, ROUTE_ID) VALUES (23, 3, 1, 5, '2024-02-02', 6);
INSERT INTO ROUTE_SEGMENT (ID, SEGMENT_ORDER, TRAIN_ID, STATION_ID, DATE, ROUTE_ID) VALUES (24, 4, 1, 6, '2024-02-02', 6);
INSERT INTO ROUTE_SEGMENT (ID, SEGMENT_ORDER, TRAIN_ID, STATION_ID, DATE, ROUTE_ID) VALUES (25, 5, 1, 7, '2024-02-02', 6);
INSERT INTO ROUTE_SEGMENT (ID, SEGMENT_ORDER, TRAIN_ID, STATION_ID, DATE, ROUTE_ID) VALUES (26, 6, 1, 9, '2024-02-02', 6);
INSERT INTO ROUTE_SEGMENT (ID, SEGMENT_ORDER, TRAIN_ID, STATION_ID, DATE, ROUTE_ID) VALUES (27, 7, 1, 10, '2024-02-02', 6);
INSERT INTO ROUTE_SEGMENT (ID, SEGMENT_ORDER, TRAIN_ID, STATION_ID, DATE, ROUTE_ID) VALUES (28, 8, 1, 12, '2024-02-02', 6);
INSERT INTO ROUTE_SEGMENT (ID, SEGMENT_ORDER, TRAIN_ID, STATION_ID, DATE, ROUTE_ID) VALUES (29, 1, 2, 2, '2024-02-02', 7);
INSERT INTO ROUTE_SEGMENT (ID, SEGMENT_ORDER, TRAIN_ID, STATION_ID, DATE, ROUTE_ID) VALUES (30, 2, 2, 4, '2024-02-02', 7);
INSERT INTO ROUTE_SEGMENT (ID, SEGMENT_ORDER, TRAIN_ID, STATION_ID, DATE, ROUTE_ID) VALUES (31, 3, 2, 8, '2024-02-02', 7);
INSERT INTO ROUTE_SEGMENT (ID, SEGMENT_ORDER, TRAIN_ID, STATION_ID, DATE, ROUTE_ID) VALUES (32, 4, 2, 10, '2024-02-02', 7);
INSERT INTO ROUTE_SEGMENT (ID, SEGMENT_ORDER, TRAIN_ID, STATION_ID, DATE, ROUTE_ID) VALUES (33, 1, 3, 6, '2024-02-02', 8);
INSERT INTO ROUTE_SEGMENT (ID, SEGMENT_ORDER, TRAIN_ID, STATION_ID, DATE, ROUTE_ID) VALUES (34, 2, 3, 9, '2024-02-02', 8);
INSERT INTO ROUTE_SEGMENT (ID, SEGMENT_ORDER, TRAIN_ID, STATION_ID, DATE, ROUTE_ID) VALUES (35, 3, 3, 12, '2024-02-02', 8);
INSERT INTO ROUTE_SEGMENT (ID, SEGMENT_ORDER, TRAIN_ID, STATION_ID, DATE, ROUTE_ID) VALUES (36, 1, 4, 2, '2024-02-02', 9);
INSERT INTO ROUTE_SEGMENT (ID, SEGMENT_ORDER, TRAIN_ID, STATION_ID, DATE, ROUTE_ID) VALUES (37, 2, 4, 5, '2024-02-02', 9);
INSERT INTO ROUTE_SEGMENT (ID, SEGMENT_ORDER, TRAIN_ID, STATION_ID, DATE, ROUTE_ID) VALUES (38, 3, 4, 6, '2024-02-02', 9);
INSERT INTO ROUTE_SEGMENT (ID, SEGMENT_ORDER, TRAIN_ID, STATION_ID, DATE, ROUTE_ID) VALUES (39, 1, 5, 1, '2024-02-02',10);
INSERT INTO ROUTE_SEGMENT (ID, SEGMENT_ORDER, TRAIN_ID, STATION_ID, DATE, ROUTE_ID) VALUES (40, 2, 5, 12, '2024-02-02',10);


